tile_id,return_period,waterlevel_name,elapsed_s,alloc_GiB,gc_pct,compile_pct,n_cells,size_source
2653,RP1000,SLR_1000,85.464646,32.761,5.78,1.86,71014329.0,dem
2653,RP1000,SLR_1500,87.049661,32.792,6.59,2.14,71014329.0,dem
2653,RP1000,SLR_2000,81.375094,32.823,5.94,1.93,71014329.0,dem
2653,RP250,SLR_1500,82.629097,32.785,6.03,2.0,71014329.0,dem
2653,RP250,SLR_2000,82.59008,32.816,5.79,2.07,71014329.0,dem
2653,RP500,SLR_1000,85.565221,32.756,6.85,2.03,71014329.0,dem
2653,RP500,SLR_1500,80.734989,32.788,5.97,2.0,71014329.0,dem
2653,RP500,SLR_2000,84.395316,32.819,6.3,1.87,71014329.0,dem
2653,RP100,SLR_1000,80.849459,32.744,6.47,1.95,71014329.0,dem
2653,RP100,SLR_1500,84.313885,32.777,6.54,1.86,71014329.0,dem
2653,RP100,SLR_2000,82.712759,32.81,6.19,1.93,71014329.0,dem
2653,RP250,SLR_1000,79.318376,32.75,6.09,1.98,71014329.0,dem
2653,RP1000,SLR_500,80.040571,32.72,6.01,2.11,71014329.0,dem
2653,RP10,SLR_1000,78.716855,32.715,6.12,1.97,71014329.0,dem
2653,RP10,SLR_1500,79.006064,32.754,6.07,2.1,71014329.0,dem
2653,RP10,SLR_2000,82.490726,32.787,5.8,1.92,71014329.0,dem
2653,RP25,SLR_1000,80.499188,32.727,6.01,2.06,71014329.0,dem
2653,RP25,SLR_1500,86.893744,32.765,6.52,1.88,71014329.0,dem
2653,RP25,SLR_2000,82.298343,32.797,5.82,1.95,71014329.0,dem
2653,RP50,SLR_1000,80.781357,32.739,5.96,2.05,71014329.0,dem
2653,RP50,SLR_1500,79.272604,32.771,6.07,2.04,71014329.0,dem
2653,RP50,SLR_2000,80.645875,32.804,5.96,2.03,71014329.0,dem
2653,RP500,SLR_500,79.232514,32.716,6.01,2.06,71014329.0,dem
2653,RP100,SLR_500,78.803629,32.704,6.14,1.97,71014329.0,dem
2653,RP250,SLR_500,77.764424,32.711,6.19,2.05,71014329.0,dem
2653,RP2,SLR_1000,78.595157,32.688,6.06,2.02,71014329.0,dem
2653,RP2,SLR_1500,78.338272,32.727,6.09,1.97,71014329.0,dem
2653,RP2,SLR_2000,86.348463,32.761,6.43,2.01,71014329.0,dem
2653,RP5,SLR_1000,78.469029,32.705,6.11,2.06,71014329.0,dem
2653,RP5,SLR_1500,79.731488,32.745,5.94,2.1,71014329.0,dem
2653,RP5,SLR_2000,79.863957,32.777,6.13,2.08,71014329.0,dem
2653,RP10,SLR_500,79.286684,32.68,6.04,2.06,71014329.0,dem
2653,RP25,SLR_500,76.940548,32.69,6.23,2.14,71014329.0,dem
2653,RP50,SLR_500,80.236441,32.699,5.99,2.0,71014329.0,dem
2653,RP1000,SLR_0,77.199709,32.684,6.21,2.11,71014329.0,dem
2653,RP2,SLR_500,78.550646,32.548,6.17,2.08,71014329.0,dem
2653,RP5,SLR_500,78.561082,32.67,6.09,2.06,71014329.0,dem
2653,RP500,SLR_0,79.948976,32.681,6.08,1.97,71014329.0,dem
2653,RP100,SLR_0,79.137655,32.671,6.04,2.12,71014329.0,dem
2653,RP250,SLR_0,77.423996,32.678,6.23,2.11,71014329.0,dem
2653,RP10,SLR_0,78.895708,32.499,6.25,2.15,71014329.0,dem
2653,RP25,SLR_0,77.583003,32.548,6.16,2.03,71014329.0,dem
2653,RP50,SLR_0,78.188072,32.663,6.15,2.17,71014329.0,dem
2653,RP2,SLR_0,77.281041,32.471,6.22,2.09,71014329.0,dem
2653,RP5,SLR_0,77.288139,32.49,6.26,2.18,71014329.0,dem
2650,RP1000,SLR_1000,55.585638,23.158,6.92,3.09,70559271.0,dem
2650,RP1000,SLR_1500,54.002584,23.185,7.1,3.17,70559271.0,dem
2650,RP1000,SLR_2000,53.963387,23.208,7.15,3.07,70559271.0,dem
2650,RP250,SLR_1500,53.812066,23.171,7.15,3.05,70559271.0,dem
2650,RP250,SLR_2000,53.974147,23.201,7.13,3.1,70559271.0,dem
2650,RP500,SLR_1000,54.151212,23.154,7.07,3.05,70559271.0,dem
2650,RP500,SLR_1500,53.896446,23.18,7.16,3.12,70559271.0,dem
2650,RP500,SLR_2000,53.971451,23.204,7.16,3.11,70559271.0,dem
2650,RP100,SLR_1000,54.055612,23.143,7.09,3.07,70559271.0,dem
2650,RP100,SLR_1500,54.475281,23.165,7.03,3.05,70559271.0,dem
2650,RP100,SLR_2000,54.237149,23.193,7.19,3.09,70559271.0,dem
2650,RP250,SLR_1000,54.063082,23.148,7.11,3.1,70559271.0,dem
2650,RP1000,SLR_500,53.719387,23.134,7.18,3.08,70559271.0,dem
2650,RP10,SLR_1000,54.313712,23.131,7.22,3.12,70559271.0,dem
2650,RP10,SLR_1500,54.20107,23.149,7.13,3.13,70559271.0,dem
2650,RP10,SLR_2000,54.766469,23.174,7.2,3.11,70559271.0,dem
2650,RP25,SLR_1000,54.233322,23.138,7.09,3.05,70559271.0,dem
2650,RP25,SLR_1500,54.201036,23.156,7.15,3.09,70559271.0,dem
2650,RP25,SLR_2000,54.276144,23.185,7.12,3.05,70559271.0,dem
2650,RP50,SLR_1000,53.97054,23.139,7.16,3.1,70559271.0,dem
2650,RP50,SLR_1500,53.94886,23.161,7.09,3.04,70559271.0,dem
2650,RP50,SLR_2000,54.048788,23.189,7.11,3.05,70559271.0,dem
2650,RP500,SLR_500,54.125939,23.13,7.1,3.06,70559271.0,dem
2650,RP100,SLR_500,54.054673,23.124,7.13,3.1,70559271.0,dem
2650,RP250,SLR_500,53.920208,23.13,7.14,3.08,70559271.0,dem
2650,RP2,SLR_1000,54.167206,23.113,7.11,3.05,70559271.0,dem
2650,RP2,SLR_1500,54.857749,23.138,7.16,3.15,70559271.0,dem
2650,RP2,SLR_2000,54.658243,23.159,7.17,3.14,70559271.0,dem
2650,RP5,SLR_1000,54.123907,23.126,7.11,3.1,70559271.0,dem
2650,RP5,SLR_1500,54.040939,23.144,7.13,3.15,70559271.0,dem
2650,RP5,SLR_2000,53.9681,23.167,7.04,3.06,70559271.0,dem
2650,RP10,SLR_500,53.814545,23.099,7.11,3.08,70559271.0,dem
2650,RP25,SLR_500,53.803732,23.11,7.11,3.1,70559271.0,dem
2650,RP50,SLR_500,54.548171,23.119,7.02,3.15,70559271.0,dem
2650,RP1000,SLR_0,53.352606,23.115,7.16,3.1,70559271.0,dem
2650,RP2,SLR_500,53.272945,23.086,7.13,3.08,70559271.0,dem
2650,RP5,SLR_500,53.393674,23.094,7.09,3.08,70559271.0,dem
2650,RP500,SLR_0,52.996226,23.11,7.17,3.14,70559271.0,dem
2650,RP100,SLR_0,53.542651,23.094,7.15,3.04,70559271.0,dem
2650,RP250,SLR_0,53.66627,23.101,7.21,3.11,70559271.0,dem
2650,RP10,SLR_0,53.882984,23.064,7.22,3.05,70559271.0,dem
2650,RP25,SLR_0,53.834994,23.081,7.34,3.06,70559271.0,dem
2650,RP50,SLR_0,53.594717,23.087,7.08,3.09,70559271.0,dem
2650,RP2,SLR_0,53.857643,23.045,7.17,3.1,70559271.0,dem
2650,RP5,SLR_0,54.162581,23.056,7.09,3.1,70559271.0,dem
2663,RP1000,SLR_1000,33.244659,13.001,8.69,4.66,13300160.0,dem
2663,RP1000,SLR_1500,32.039193,13.025,8.99,4.75,13300160.0,dem
2663,RP1000,SLR_2000,32.094466,13.046,8.52,4.93,13300160.0,dem
2663,RP100,SLR_1000,32.040982,12.985,9.0,4.81,13300160.0,dem
2663,RP100,SLR_1500,32.216523,13.01,9.03,4.82,13300160.0,dem
2663,RP100,SLR_2000,32.122811,13.033,8.95,4.85,13300160.0,dem
2663,RP250,SLR_1000,32.19615,12.993,9.0,4.87,13300160.0,dem
2663,RP250,SLR_1500,32.08239,13.016,9.01,4.82,13300160.0,dem
2663,RP250,SLR_2000,32.25011,13.039,9.0,4.78,13300160.0,dem
2663,RP500,SLR_1000,32.25267,12.998,9.16,4.8,13300160.0,dem
2663,RP500,SLR_1500,32.166038,13.019,8.97,4.86,13300160.0,dem
2663,RP500,SLR_2000,32.130711,13.042,8.97,4.76,13300160.0,dem
2663,RP1000,SLR_500,32.087309,12.973,9.02,4.81,13300160.0,dem
2663,RP10,SLR_1000,32.114845,12.957,9.05,4.91,13300160.0,dem
2663,RP10,SLR_1500,32.067717,12.982,9.02,4.8,13300160.0,dem
2663,RP10,SLR_2000,32.150555,13.009,9.02,4.85,13300160.0,dem
2663,RP25,SLR_1000,32.039199,12.968,9.0,4.75,13300160.0,dem
2663,RP25,SLR_1500,32.152363,12.995,9.06,4.75,13300160.0,dem
2663,RP25,SLR_2000,32.065844,13.018,8.92,4.79,13300160.0,dem
2663,RP50,SLR_1000,32.309114,12.976,8.87,4.78,13300160.0,dem
2663,RP50,SLR_1500,32.106494,13.004,8.95,4.82,13300160.0,dem
2663,RP50,SLR_2000,32.271073,13.026,9.05,5.03,13300160.0,dem
2663,RP100,SLR_500,31.989557,12.958,8.96,4.81,13300160.0,dem
2663,RP250,SLR_500,32.178775,12.965,9.06,4.88,13300160.0,dem
2663,RP500,SLR_500,32.239183,12.969,9.04,4.78,13300160.0,dem
2663,RP2,SLR_1000,32.057906,12.933,8.98,4.79,13300160.0,dem
2663,RP2,SLR_1500,32.208772,12.957,9.01,4.88,13300160.0,dem
2663,RP2,SLR_2000,32.147946,12.982,8.97,4.86,13300160.0,dem
2663,RP5,SLR_1000,32.217302,12.947,9.06,4.8,13300160.0,dem
2663,RP5,SLR_1500,32.153607,12.972,9.05,4.86,13300160.0,dem
2663,RP5,SLR_2000,32.061491,12.999,8.97,4.82,13300160.0,dem
2663,RP10,SLR_500,31.989565,12.933,8.95,4.76,13300160.0,dem
2663,RP25,SLR_500,32.013093,12.943,8.97,4.82,13300160.0,dem
2663,RP50,SLR_500,31.997915,12.952,8.98,4.75,13300160.0,dem
2663,RP1000,SLR_0,32.040661,12.948,8.93,4.8,13300160.0,dem
2663,RP2,SLR_500,31.63503,12.747,8.51,4.87,13300160.0,dem
2663,RP5,SLR_500,32.019881,12.923,9.01,4.76,13300160.0,dem
2663,RP100,SLR_0,32.338844,12.934,9.13,4.91,13300160.0,dem
2663,RP250,SLR_0,32.273437,12.94,9.05,4.86,13300160.0,dem
2663,RP500,SLR_0,32.093622,12.944,8.95,4.96,13300160.0,dem
2663,RP10,SLR_0,31.892941,12.747,8.44,4.89,13300160.0,dem
2663,RP25,SLR_0,32.155763,12.92,8.96,4.91,13300160.0,dem
2663,RP50,SLR_0,32.12836,12.928,8.99,4.84,13300160.0,dem
2663,RP5,SLR_0,31.810111,12.736,8.51,4.92,13300160.0,dem
2663,RP2,SLR_0,31.756857,12.721,8.53,4.91,13300160.0,dem
2863,RP1000,SLR_1000,56.223397,22.985,6.51,2.77,29240810.0,dem
2863,RP1000,SLR_1500,56.059741,22.997,6.59,2.81,29240810.0,dem
2863,RP1000,SLR_2000,56.029241,23.018,6.51,2.79,29240810.0,dem
2863,RP100,SLR_1000,55.880307,22.973,6.69,2.83,29240810.0,dem
2863,RP100,SLR_1500,55.736676,22.989,6.62,2.84,29240810.0,dem
2863,RP100,SLR_2000,55.808085,23.01,6.66,2.77,29240810.0,dem
2863,RP250,SLR_1000,57.539399,22.974,7.04,2.9,29240810.0,dem
2863,RP250,SLR_1500,55.952885,22.997,6.62,2.83,29240810.0,dem
2863,RP250,SLR_2000,56.005702,23.012,6.64,2.75,29240810.0,dem
2863,RP500,SLR_1000,55.891036,22.98,6.65,2.82,29240810.0,dem
2863,RP500,SLR_1500,56.091835,22.995,6.61,2.75,29240810.0,dem
2863,RP500,SLR_2000,55.94435,23.015,6.66,2.82,29240810.0,dem
2863,RP1000,SLR_500,56.149371,22.971,6.66,2.84,29240810.0,dem
2863,RP10,SLR_1000,56.453323,22.962,6.69,2.84,29240810.0,dem
2863,RP10,SLR_1500,56.799163,22.979,6.72,2.8,29240810.0,dem
2863,RP10,SLR_2000,56.063013,22.995,6.65,2.79,29240810.0,dem
2863,RP25,SLR_1000,55.808291,22.965,6.66,2.81,29240810.0,dem
2863,RP25,SLR_1500,55.898128,22.981,6.63,2.73,29240810.0,dem
2863,RP25,SLR_2000,56.123464,22.996,6.75,2.72,29240810.0,dem
2863,RP50,SLR_1000,55.811815,22.97,6.7,2.82,29240810.0,dem
2863,RP50,SLR_1500,56.45673,22.985,6.66,2.72,29240810.0,dem
2863,RP50,SLR_2000,56.260241,22.998,6.68,2.82,29240810.0,dem
2863,RP100,SLR_500,56.073827,22.957,6.68,2.77,29240810.0,dem
2863,RP250,SLR_500,56.39727,22.96,6.66,2.9,29240810.0,dem
2863,RP500,SLR_500,56.163751,22.965,6.68,2.84,29240810.0,dem
2863,RP2,SLR_1000,56.206539,22.957,6.68,2.78,29240810.0,dem
2863,RP2,SLR_1500,56.028372,22.973,6.6,2.78,29240810.0,dem
2863,RP2,SLR_2000,55.950995,22.991,6.62,2.74,29240810.0,dem
2863,RP5,SLR_1000,56.176429,22.96,6.66,2.78,29240810.0,dem
2863,RP5,SLR_1500,56.487466,22.974,6.79,2.66,29240810.0,dem
2863,RP5,SLR_2000,56.24044,22.992,6.67,2.79,29240810.0,dem
2863,RP10,SLR_500,55.882778,22.948,6.65,2.77,29240810.0,dem
2863,RP25,SLR_500,56.032295,22.95,6.64,2.78,29240810.0,dem
2863,RP50,SLR_500,56.145069,22.955,6.66,2.75,29240810.0,dem
2863,RP1000,SLR_0,56.161952,22.955,6.69,2.76,29240810.0,dem
2863,RP2,SLR_500,55.910512,22.947,6.67,2.79,29240810.0,dem
2863,RP5,SLR_500,56.16281,22.946,6.67,2.77,29240810.0,dem
2863,RP100,SLR_0,56.114346,22.935,6.62,2.77,29240810.0,dem
2863,RP250,SLR_0,56.206781,22.946,6.67,2.76,29240810.0,dem
2863,RP500,SLR_0,56.177151,22.95,6.68,2.81,29240810.0,dem
2863,RP10,SLR_0,55.983365,22.927,6.62,2.77,29240810.0,dem
2863,RP25,SLR_0,56.080556,22.931,6.59,2.74,29240810.0,dem
2863,RP50,SLR_0,55.836362,22.934,6.65,2.73,29240810.0,dem
2863,RP5,SLR_0,56.388244,22.925,6.67,2.73,29240810.0,dem
2863,RP2,SLR_0,55.977943,22.903,6.61,2.76,29240810.0,dem
2651,RP1000,SLR_1000,27.59957,11.538,9.39,5.55,71005902.0,dem
2651,RP1000,SLR_1500,27.304788,11.552,9.5,5.59,71005902.0,dem
2651,RP1000,SLR_2000,27.357442,11.564,9.5,5.66,71005902.0,dem
2651,RP100,SLR_1000,27.266761,11.531,9.5,5.69,71005902.0,dem
2651,RP100,SLR_1500,27.37362,11.545,9.5,5.64,71005902.0,dem
2651,RP100,SLR_2000,27.338671,11.558,9.54,5.58,71005902.0,dem
2651,RP250,SLR_1000,27.344776,11.534,9.49,5.63,71005902.0,dem
2651,RP250,SLR_1500,27.472986,11.548,9.61,5.63,71005902.0,dem
2651,RP250,SLR_2000,27.430267,11.561,9.53,5.69,71005902.0,dem
2651,RP500,SLR_1000,27.303726,11.536,9.51,5.55,71005902.0,dem
2651,RP500,SLR_1500,27.329728,11.55,9.47,5.69,71005902.0,dem
2651,RP500,SLR_2000,30.485486,11.562,11.57,5.9,71005902.0,dem
2651,RP1000,SLR_500,27.28081,11.523,9.48,5.64,71005902.0,dem
2651,RP10,SLR_1000,27.330954,11.521,9.59,5.65,71005902.0,dem
2651,RP10,SLR_1500,27.381074,11.536,9.58,5.57,71005902.0,dem
2651,RP10,SLR_2000,27.322479,11.55,9.51,5.7,71005902.0,dem
2651,RP25,SLR_1000,27.394413,11.525,9.58,5.69,71005902.0,dem
2651,RP25,SLR_1500,27.600531,11.54,9.62,5.93,71005902.0,dem
2651,RP25,SLR_2000,27.416511,11.554,9.6,5.72,71005902.0,dem
2651,RP50,SLR_1000,27.392899,11.528,9.55,5.63,71005902.0,dem
2651,RP50,SLR_1500,27.409024,11.543,9.58,5.71,71005902.0,dem
2651,RP50,SLR_2000,27.459299,11.556,9.5,5.69,71005902.0,dem
2651,RP100,SLR_500,27.432651,11.515,9.55,5.68,71005902.0,dem
2651,RP250,SLR_500,27.323305,11.518,9.51,5.64,71005902.0,dem
2651,RP500,SLR_500,27.288037,11.521,9.54,5.71,71005902.0,dem
2651,RP2,SLR_1000,27.232972,11.512,9.55,5.62,71005902.0,dem
2651,RP2,SLR_1500,27.352178,11.528,9.48,5.73,71005902.0,dem
2651,RP2,SLR_2000,27.304361,11.543,9.44,5.62,71005902.0,dem
2651,RP5,SLR_1000,27.239668,11.518,9.5,5.62,71005902.0,dem
2651,RP5,SLR_1500,27.311382,11.533,9.56,5.65,71005902.0,dem
2651,RP5,SLR_2000,27.388479,11.547,9.56,5.57,71005902.0,dem
2651,RP10,SLR_500,27.389489,11.503,9.54,5.83,71005902.0,dem
2651,RP25,SLR_500,27.162423,11.508,9.56,5.59,71005902.0,dem
2651,RP50,SLR_500,27.393629,11.512,9.6,5.67,71005902.0,dem
2651,RP2,SLR_500,27.295215,11.494,9.56,5.71,71005902.0,dem
2651,RP5,SLR_500,27.353807,11.5,9.55,5.74,71005902.0,dem
2651,RP1000,SLR_0,27.253002,11.505,9.48,5.63,71005902.0,dem
2651,RP100,SLR_0,27.284138,11.497,9.53,5.68,71005902.0,dem
2651,RP250,SLR_0,27.296908,11.5,9.54,5.75,71005902.0,dem
2651,RP500,SLR_0,27.245966,11.503,9.53,5.75,71005902.0,dem
2651,RP10,SLR_0,27.224184,11.483,9.6,5.62,71005902.0,dem
2651,RP25,SLR_0,27.283913,11.489,9.53,5.68,71005902.0,dem
2651,RP50,SLR_0,27.229267,11.493,9.55,5.55,71005902.0,dem
2651,RP2,SLR_0,27.098713,11.473,9.55,5.71,71005902.0,dem
2651,RP5,SLR_0,27.259352,11.479,9.6,5.56,71005902.0,dem
2662,RP1000,SLR_1000,21.992045,8.689,10.07,6.96,31596565.0,dem
2662,RP1000,SLR_1500,21.719055,8.705,10.18,7.16,31596565.0,dem
2662,RP1000,SLR_2000,21.786778,8.721,10.22,7.06,31596565.0,dem
2662,RP100,SLR_1000,21.837685,8.68,10.37,7.05,31596565.0,dem
2662,RP100,SLR_1500,21.86808,8.697,10.37,7.15,31596565.0,dem
2662,RP100,SLR_2000,21.891825,8.713,10.35,7.18,31596565.0,dem
2662,RP250,SLR_1000,21.831209,8.684,10.29,7.14,31596565.0,dem
2662,RP250,SLR_1500,21.874284,8.701,10.33,7.16,31596565.0,dem
2662,RP250,SLR_2000,21.849734,8.717,10.24,7.23,31596565.0,dem
2662,RP500,SLR_1000,21.756872,8.686,10.24,7.05,31596565.0,dem
2662,RP500,SLR_1500,21.729597,8.703,10.21,7.11,31596565.0,dem
2662,RP500,SLR_2000,21.804998,8.719,10.12,7.17,31596565.0,dem
2662,RP1000,SLR_500,21.6459,8.67,10.21,7.05,31596565.0,dem
2662,RP10,SLR_1000,21.582051,8.667,10.31,7.09,31596565.0,dem
2662,RP10,SLR_1500,21.685099,8.686,10.17,7.06,31596565.0,dem
2662,RP10,SLR_2000,21.751437,8.702,10.23,7.13,31596565.0,dem
2662,RP25,SLR_1000,21.634668,8.671,10.18,7.19,31596565.0,dem
2662,RP25,SLR_1500,21.780438,8.691,10.22,7.17,31596565.0,dem
2662,RP25,SLR_2000,21.710694,8.707,10.17,7.14,31596565.0,dem
2662,RP50,SLR_1000,21.667646,8.676,10.23,7.15,31596565.0,dem
2662,RP50,SLR_1500,21.720746,8.694,10.22,7.11,31596565.0,dem
2662,RP50,SLR_2000,21.850652,8.71,10.18,7.25,31596565.0,dem
2662,RP100,SLR_500,21.646122,8.66,10.24,7.06,31596565.0,dem
2662,RP250,SLR_500,21.646637,8.664,10.17,7.15,31596565.0,dem
2662,RP500,SLR_500,21.648409,8.668,10.24,6.94,31596565.0,dem
2662,RP2,SLR_1000,21.606901,8.65,10.23,7.11,31596565.0,dem
2662,RP2,SLR_1500,21.62087,8.669,10.34,7.17,31596565.0,dem
2662,RP2,SLR_2000,21.607857,8.688,10.27,7.09,31596565.0,dem
2662,RP5,SLR_1000,21.687869,8.66,10.27,7.19,31596565.0,dem
2662,RP5,SLR_1500,21.712262,8.68,10.22,7.16,31596565.0,dem
2662,RP5,SLR_2000,21.677274,8.697,10.19,7.14,31596565.0,dem
2662,RP10,SLR_500,21.573288,8.647,10.24,7.03,31596565.0,dem
2662,RP25,SLR_500,21.609074,8.652,10.24,7.06,31596565.0,dem
2662,RP50,SLR_500,21.622509,8.657,10.22,7.05,31596565.0,dem
2662,RP2,SLR_500,21.601574,8.627,10.25,7.19,31596565.0,dem
2662,RP5,SLR_500,21.648683,8.641,10.33,7.02,31596565.0,dem
2662,RP1000,SLR_0,21.75494,8.65,10.32,7.2,31596565.0,dem
2662,RP100,SLR_0,21.779438,8.641,10.28,7.13,31596565.0,dem
2662,RP250,SLR_0,21.864724,8.645,10.16,7.32,31596565.0,dem
2662,RP500,SLR_0,21.681174,8.648,10.3,7.04,31596565.0,dem
2662,RP10,SLR_0,21.643623,8.622,10.25,7.08,31596565.0,dem
2662,RP25,SLR_0,21.726376,8.63,10.26,7.14,31596565.0,dem
2662,RP50,SLR_0,21.735423,8.637,10.2,7.3,31596565.0,dem
2662,RP2,SLR_0,21.668137,8.604,10.31,7.23,31596565.0,dem
2662,RP5,SLR_0,21.619667,8.614,10.33,7.16,31596565.0,dem
3072,RP1000,SLR_1000,29.053392,12.248,8.55,5.22,38250153.0,dem
3072,RP1000,SLR_1500,29.038945,12.272,8.51,5.26,38250153.0,dem
3072,RP1000,SLR_2000,29.284827,12.293,8.48,5.34,38250153.0,dem
3072,RP100,SLR_1000,28.495797,12.245,8.74,5.47,38250153.0,dem
3072,RP100,SLR_1500,28.987382,12.27,8.59,5.43,38250153.0,dem
3072,RP100,SLR_2000,29.557532,12.291,8.42,5.44,38250153.0,dem
3072,RP250,SLR_1000,28.570243,12.246,8.68,5.48,38250153.0,dem
3072,RP250,SLR_1500,29.27639,12.271,8.49,5.29,38250153.0,dem
3072,RP250,SLR_2000,29.577063,12.292,8.51,5.4,38250153.0,dem
3072,RP500,SLR_1000,28.781389,12.247,8.76,5.55,38250153.0,dem
3072,RP500,SLR_1500,29.24346,12.272,8.52,5.46,38250153.0,dem
3072,RP500,SLR_2000,29.791753,12.292,8.57,5.34,38250153.0,dem
3072,RP1000,SLR_500,27.945538,12.226,8.09,5.61,38250153.0,dem
3072,RP10,SLR_1000,28.508748,12.244,8.1,5.74,38250153.0,dem
3072,RP10,SLR_1500,28.981486,12.267,8.61,5.44,38250153.0,dem
3072,RP10,SLR_2000,29.248593,12.288,8.52,5.26,38250153.0,dem
3072,RP25,SLR_1000,28.317192,12.244,8.14,5.49,38250153.0,dem
3072,RP25,SLR_1500,29.152582,12.268,8.65,5.36,38250153.0,dem
3072,RP25,SLR_2000,29.49927,12.289,8.53,5.31,38250153.0,dem
3072,RP50,SLR_1000,28.847732,12.245,8.7,5.62,38250153.0,dem
3072,RP50,SLR_1500,28.977281,12.27,8.64,5.33,38250153.0,dem
3072,RP50,SLR_2000,29.389102,12.29,8.47,5.35,38250153.0,dem
3072,RP250,SLR_500,28.10129,12.225,8.33,5.54,38250153.0,dem
3072,RP500,SLR_500,27.938418,12.226,8.18,5.52,38250153.0,dem
3072,RP100,SLR_500,27.809149,12.223,8.18,5.58,38250153.0,dem
3072,RP2,SLR_1000,28.222708,12.24,8.16,5.63,38250153.0,dem
3072,RP2,SLR_1500,29.097202,12.264,8.72,5.54,38250153.0,dem
3072,RP2,SLR_2000,29.387168,12.285,8.66,5.17,38250153.0,dem
3072,RP5,SLR_1000,28.608092,12.242,8.17,5.7,38250153.0,dem
3072,RP5,SLR_1500,28.836572,12.265,8.58,5.35,38250153.0,dem
3072,RP5,SLR_2000,29.192133,12.287,8.49,5.27,38250153.0,dem
3072,RP10,SLR_500,27.66657,12.216,8.24,5.54,38250153.0,dem
3072,RP25,SLR_500,27.70339,12.219,8.28,5.62,38250153.0,dem
3072,RP50,SLR_500,27.865685,12.22,8.19,5.49,38250153.0,dem
3072,RP1000,SLR_0,27.412836,12.196,8.25,5.53,38250153.0,dem
3072,RP2,SLR_500,27.451503,12.21,8.25,5.53,38250153.0,dem
3072,RP5,SLR_500,27.504651,12.213,8.17,5.64,38250153.0,dem
3072,RP250,SLR_0,27.298969,12.125,8.2,5.57,38250153.0,dem
3072,RP500,SLR_0,27.389428,12.196,8.3,5.59,38250153.0,dem
3072,RP100,SLR_0,27.422014,12.123,8.3,5.61,38250153.0,dem
3072,RP10,SLR_0,27.2865,12.119,8.29,5.62,38250153.0,dem
3072,RP25,SLR_0,27.305826,12.121,8.35,5.6,38250153.0,dem
3072,RP50,SLR_0,27.473336,12.122,8.3,5.78,38250153.0,dem
3072,RP2,SLR_0,27.1859,12.116,8.33,5.59,38250153.0,dem
3072,RP5,SLR_0,27.239294,12.118,8.3,5.6,38250153.0,dem
2643,RP1000,SLR_1000,30.033137,11.889,8.82,5.02,71005902.0,dem
2643,RP1000,SLR_1500,29.767925,11.901,8.75,5.12,71005902.0,dem
2643,RP1000,SLR_2000,29.92864,11.911,8.7,5.07,71005902.0,dem
2643,RP100,SLR_1000,29.711773,11.878,8.76,5.14,71005902.0,dem
2643,RP100,SLR_1500,29.996632,11.889,8.74,5.14,71005902.0,dem
2643,RP100,SLR_2000,29.911368,11.901,8.71,5.25,71005902.0,dem
2643,RP250,SLR_1000,29.736888,11.882,8.76,5.18,71005902.0,dem
2643,RP250,SLR_1500,29.827944,11.896,8.77,5.19,71005902.0,dem
2643,RP250,SLR_2000,30.054483,11.905,8.66,5.37,71005902.0,dem
2643,RP500,SLR_1000,29.827093,11.886,8.79,5.15,71005902.0,dem
2643,RP500,SLR_1500,29.81371,11.898,8.68,5.19,71005902.0,dem
2643,RP500,SLR_2000,29.866851,11.908,8.82,5.14,71005902.0,dem
2643,RP1000,SLR_500,29.840745,11.878,8.79,5.29,71005902.0,dem
2643,RP10,SLR_1000,29.700403,11.864,8.28,5.23,71005902.0,dem
2643,RP10,SLR_1500,29.785219,11.879,8.73,5.22,71005902.0,dem
2643,RP10,SLR_2000,30.035626,11.892,8.73,5.29,71005902.0,dem
2643,RP25,SLR_1000,29.729368,11.87,8.35,5.23,71005902.0,dem
2643,RP25,SLR_1500,29.816829,11.883,8.76,5.12,71005902.0,dem
2643,RP25,SLR_2000,29.930772,11.896,8.79,5.12,71005902.0,dem
2643,RP50,SLR_1000,29.69709,11.873,8.76,5.19,71005902.0,dem
2643,RP50,SLR_1500,29.83463,11.887,8.75,5.21,71005902.0,dem
2643,RP50,SLR_2000,29.84071,11.898,8.78,5.14,71005902.0,dem
2643,RP100,SLR_500,29.622042,11.863,8.3,5.29,71005902.0,dem
2643,RP250,SLR_500,29.604169,11.869,8.3,5.2,71005902.0,dem
2643,RP500,SLR_500,29.947761,11.872,8.8,5.19,71005902.0,dem
2643,RP2,SLR_1000,29.624343,11.858,8.33,5.2,71005902.0,dem
2643,RP2,SLR_1500,29.791389,11.87,8.35,5.35,71005902.0,dem
2643,RP2,SLR_2000,29.808614,11.884,8.75,5.18,71005902.0,dem
2643,RP5,SLR_1000,30.319805,11.862,8.48,5.18,71005902.0,dem
2643,RP5,SLR_1500,30.951827,11.876,8.98,5.25,71005902.0,dem
2643,RP5,SLR_2000,31.071569,11.887,8.93,5.65,71005902.0,dem
2643,RP10,SLR_500,30.455813,11.852,8.44,5.42,71005902.0,dem
2643,RP25,SLR_500,29.895456,11.856,8.31,5.41,71005902.0,dem
2643,RP50,SLR_500,29.729033,11.861,8.29,5.36,71005902.0,dem
2643,RP1000,SLR_0,29.77276,11.863,8.58,5.26,71005902.0,dem
2643,RP2,SLR_500,29.708548,11.846,8.31,5.41,71005902.0,dem
2643,RP5,SLR_500,29.669242,11.85,8.3,5.23,71005902.0,dem
2643,RP100,SLR_0,29.747321,11.852,8.34,5.27,71005902.0,dem
2643,RP250,SLR_0,29.569517,11.855,8.28,5.17,71005902.0,dem
2643,RP500,SLR_0,29.627272,11.86,8.33,5.36,71005902.0,dem
2643,RP10,SLR_0,29.588836,11.841,8.35,5.17,71005902.0,dem
2643,RP25,SLR_0,29.523184,11.846,8.32,5.16,71005902.0,dem
2643,RP50,SLR_0,29.678676,11.849,8.25,5.21,71005902.0,dem
2643,RP5,SLR_0,29.478841,11.839,8.33,5.15,71005902.0,dem
2643,RP2,SLR_0,29.512555,11.835,8.34,5.21,71005902.0,dem
2641,RP1000,SLR_1000,29.988686,12.451,7.63,5.14,61771006.0,dem
2641,RP1000,SLR_1500,29.83706,12.451,7.74,5.19,61771006.0,dem
2641,RP1000,SLR_2000,29.888928,12.459,7.65,5.21,61771006.0,dem
2641,RP250,SLR_1500,29.806283,12.448,7.61,5.21,61771006.0,dem
2641,RP250,SLR_2000,29.801908,12.455,7.65,5.25,61771006.0,dem
2641,RP500,SLR_1000,29.864383,12.443,7.91,5.09,61771006.0,dem
2641,RP500,SLR_1500,29.820108,12.45,7.63,5.14,61771006.0,dem
2641,RP500,SLR_2000,29.848355,12.46,7.66,5.18,61771006.0,dem
2641,RP100,SLR_1000,29.753072,12.439,7.67,5.24,61771006.0,dem
2641,RP100,SLR_1500,29.766133,12.447,7.62,5.15,61771006.0,dem
2641,RP100,SLR_2000,29.894319,12.452,7.68,5.09,61771006.0,dem
2641,RP250,SLR_1000,29.818595,12.441,7.63,5.12,61771006.0,dem
2641,RP1000,SLR_500,29.790818,12.439,7.73,5.14,61771006.0,dem
2641,RP10,SLR_1000,29.965522,12.432,7.64,5.16,61771006.0,dem
2641,RP10,SLR_1500,29.963488,12.442,7.66,5.21,61771006.0,dem
2641,RP10,SLR_2000,30.07105,12.448,7.75,5.15,61771006.0,dem
2641,RP25,SLR_1000,29.87708,12.438,7.68,5.21,61771006.0,dem
2641,RP25,SLR_1500,29.829598,12.451,7.69,5.11,61771006.0,dem
2641,RP25,SLR_2000,29.837183,12.45,7.6,5.08,61771006.0,dem
2641,RP50,SLR_1000,29.888791,12.438,7.62,5.29,61771006.0,dem
2641,RP50,SLR_1500,29.899372,12.452,7.59,5.33,61771006.0,dem
2641,RP50,SLR_2000,29.798236,12.451,7.67,5.09,61771006.0,dem
2641,RP500,SLR_500,29.698604,12.437,7.61,5.14,61771006.0,dem
2641,RP100,SLR_500,29.721801,12.43,7.64,5.08,61771006.0,dem
2641,RP250,SLR_500,29.768197,12.436,7.68,5.1,61771006.0,dem
2641,RP2,SLR_1000,29.893078,12.429,7.63,5.21,61771006.0,dem
2641,RP2,SLR_1500,29.782953,12.438,7.66,5.16,61771006.0,dem
2641,RP2,SLR_2000,29.793501,12.446,7.63,5.09,61771006.0,dem
2641,RP5,SLR_1000,29.960776,12.43,7.63,5.07,61771006.0,dem
2641,RP5,SLR_1500,29.891968,12.441,7.64,5.22,61771006.0,dem
2641,RP5,SLR_2000,29.84083,12.447,7.61,5.18,61771006.0,dem
2641,RP10,SLR_500,29.807302,12.424,7.66,5.04,61771006.0,dem
2641,RP25,SLR_500,29.968903,12.426,7.64,5.33,61771006.0,dem
2641,RP50,SLR_500,29.90176,12.427,7.7,5.14,61771006.0,dem
2641,RP1000,SLR_0,29.853502,12.426,7.67,5.2,61771006.0,dem
2641,RP2,SLR_500,29.89907,12.42,7.66,5.16,61771006.0,dem
2641,RP5,SLR_500,29.81077,12.422,7.59,5.12,61771006.0,dem
2641,RP500,SLR_0,29.80916,12.425,7.63,5.13,61771006.0,dem
2641,RP100,SLR_0,29.800482,12.421,7.7,5.08,61771006.0,dem
2641,RP250,SLR_0,29.95239,12.422,7.63,5.19,61771006.0,dem
2641,RP10,SLR_0,29.86017,12.418,7.62,5.22,61771006.0,dem
2641,RP25,SLR_0,29.880698,12.419,7.62,5.24,61771006.0,dem
2641,RP50,SLR_0,29.86561,12.42,7.68,5.06,61771006.0,dem
2641,RP2,SLR_0,29.769471,12.414,7.65,5.09,61771006.0,dem
2641,RP5,SLR_0,29.903557,12.416,7.73,5.11,61771006.0,dem
